,Unnamed: 0,Unnamed: 0.1,imdb_name_id,imdb_title_id,title,weighted_average_vote, Action, Adventure, Animation, Biography, Comedy, Crime, Drama, Family, Fantasy, Film-Noir, History, Horror, Music, Musical, Mystery, News, Reality-TV, Romance, Sci-Fi, Sport, Thriller, War, Western,Action,Adult,Adventure,Animation,Biography,Comedy,Crime,Documentary,Drama,Family,Fantasy,Film-Noir,History,Horror,Music,Musical,Mystery,Romance,Sci-Fi,Sport,Thriller,War,Western,desc_tokenized,actor_tokenized,kmeans
4477,4477,45135,nm0089314,tt0036253,Passaporto per Suez,6.3,0,0,0,0,0,1,0,0,0,0,0,0,0,0,0,0,0,0,0,0,1,0,0,0,0,0,0,0,1,0,0,0,0,0,0,0,0,0,0,0,0,0,0,0,0,0,"['lone', 'wolf', 'undercov', 'foil', 'nazi', 'steal', 'plan']","['warrenwilliam', 'annsavag', 'ericblor', 'robertstanford', 'sheldonleonard', 'lloydbridg', 'gavinmuir', 'eddiekan', 'jackle', 'stanleypric']",35
4558,4558,45978,nm0000026,tt0036613,Arsenico e vecchi merletti,8.0,0,0,0,0,0,1,0,0,0,0,0,0,0,0,0,0,0,0,0,0,1,0,0,0,0,0,0,0,1,0,0,0,0,0,0,0,0,0,0,0,0,0,0,0,0,0,"['writer', 'book', 'futil', 'marriag', 'risk', 'reput', 'decid', 'get', 'marri', 'thing', 'get', 'even', 'complic', 'learn', 'wed', 'day', 'belov', 'maiden', 'aunt', 'habitu', 'murder']","['carygr', 'priscillalan', 'raymondmassey', 'jackcarson', 'edwardeveretthorton', 'peterlorr', 'jamesgleason', 'josephinehul', 'jeanadair', 'johnalexand', 'grantmitchel', 'edwardmcnamara', 'garryowen', 'johnridg', 'vaughanglas']",35
9714,9714,98333,nm0001229,tt0052837,Gazebo,6.9,0,0,0,0,0,1,0,0,0,0,0,0,0,0,0,0,0,0,0,0,1,0,0,0,0,0,0,0,1,0,0,0,0,0,0,0,0,0,0,0,0,0,0,0,0,0,"['tv', 'writer', 'elliott', 'nash', 'buri', 'blackmail', 'new', 'gazebo', 'suburban', 'backyard', 'nervou', 'man', 'ca', ""n't"", 'let', 'bodi', 'rest']","['glennford', 'debbiereynold', 'carlrein', 'johnmcgiv', 'mabelalbertson', 'doromerand', 'bertfre', 'martinlandau', 'robertellenstein', 'dickwessel', 'herman']",35
9776,9776,98962,nm0000277,tt0052997,Un colpo da otto,7.3,0,0,0,0,0,1,0,0,0,0,0,0,0,0,0,0,0,0,0,0,1,0,0,0,0,0,0,0,1,0,0,0,0,0,0,0,0,0,0,0,0,0,0,0,0,0,"['disgruntl', 'veteran', 'recruit', 'group', 'disgrac', 'colleagu', 'perform', 'bank', 'robberi', 'militari', 'precis']","['jackhawkin', 'nigelpatrick', 'rogerlivesey', 'richardattenborough', 'bryanforb', 'kieronmoor', 'terencealexand', 'normanbird', 'robertcoot', 'melissastr', 'nanettenewman', 'lydiasherwood', 'dorishar', 'davidlodg', 'patrickwymark']",35
11042,11042,111802,nm0378427,tt0056628,"Tähdet kertovat, komisario Palmu.",7.3,0,0,0,0,0,1,0,0,0,0,0,0,0,0,0,0,0,0,0,0,1,0,0,0,0,0,0,0,1,0,0,0,0,0,0,0,0,0,0,0,0,0,0,0,0,0,[],"['joelrinn', 'mattiranin', 'leojokela', 'helgeherala', 'eskosalminen', 'ainomantsa', 'penttisiim', 'piahattara', 'maija-leenasoinn', 'sointuangervo', 'ormaaunio', 'jarkkoherala', 'yrjöikonen', 'penttiirjala', 'armasjokio']",35
12339,12339,124836,nm0000323,tt0060445,Gambit - Grande furto al Semiramis,7.1,0,0,0,0,0,1,0,0,0,0,0,0,0,0,0,0,0,0,0,0,1,0,0,0,0,0,0,0,1,0,0,0,0,0,0,0,0,0,0,0,0,0,0,0,0,0,"['english', 'cat', 'burglar', 'need', 'eurasian', 'dancer', ""'s"", 'help', 'pull', 'perfect', 'heist', 'even', 'foolproof', 'scheme', 'way', 'backfir']","['shirleymaclain', 'michaelcain', 'herbertlom', 'rogerc.carmel', 'arnoldmoss', 'johnabbott', 'richardangarola', 'mauricemarsac']",35
12653,12653,127999,nm0000013,tt0061447,Caprice la cenere che scotta,5.6,0,0,0,0,0,1,0,0,0,0,0,0,0,0,0,0,0,0,0,0,1,0,0,0,0,0,0,0,1,0,0,0,0,0,0,0,0,0,0,0,0,0,0,0,0,0,"['industri', 'design', 'caus', 'chao', 'sell', 'secret', 'cosmet', 'formula', 'rival', 'compani']","['dorisday', 'richardharri', 'raywalston', 'jackkruschen', 'edwardmulhar', 'liliaskala', 'irenetsu', 'larryd.mann', 'mauricemarsac', 'michaelromanoff', 'lisaseagram', 'michaelj.pollard']",35
12821,12821,129673,nm0001076,tt0061858,Gli assassini del karatè,5.1,0,0,0,0,0,1,0,0,0,0,0,0,0,0,0,0,0,0,0,0,1,0,0,0,0,0,0,0,1,0,0,0,0,0,0,0,0,0,0,0,0,0,0,0,0,0,"['u.n.c.l.', 'agent', 'napoleon', 'solo', 'illya', 'kuryakin', 'battl', 't.h.r.u.s.h', 'spi', 'seiz', 'dr', 'true', ""'s"", 'secret', 'chemic', 'formula', 'use', 'extract', 'gold', 'sea', 'water']","['robertvaughn', 'davidmccallum', 'joancrawford', 'curdjürgen', 'herbertlom', 'tellysavala', 'terry-thoma', 'leog.carrol', 'kimdarbi', 'dianemcbain', 'jillireland', 'danielledemetz', 'irenetsu', 'jimbol', 'philipahn']",35
13378,13378,135272,nm0001149,tt0063534,Sale e pepe: super spie hippy,5.2,0,0,0,0,0,1,0,0,0,0,0,0,0,0,0,0,0,0,0,0,1,0,0,0,0,0,0,0,1,0,0,0,0,0,0,0,0,0,0,0,0,0,0,0,0,0,"['discov', 'bodi', 'murder', 'femal', 'agent', 'trendi', 'soho', 'london', 'nightclub', 'groovi', 'owner', 'charl', 'salt', 'christoph', 'pepper', 'partak', 'fumbl', 'investig']","['sammydavisjr', 'peterlawford', 'michaelb', 'ilonarodg', 'johnlemesuri', 'grahamstark', 'ernestclark', 'jeanneroland', 'robertdorn', 'robertsonhar', 'geoffreylumsden', 'williammervyn', 'llewellynre', 'marksingleton', 'michaeltrubshaw']",35
15403,15403,155358,nm0001001,tt0069282,L'inseguito,6.2,0,0,0,0,0,1,0,0,0,0,0,0,0,0,0,0,0,0,0,0,1,0,0,0,0,0,0,0,1,0,0,0,0,0,0,0,0,0,0,0,0,0,0,0,0,0,"['car', 'thief', 'get', 'parol', 'penitentiari', 'intend', 'go', 'straight', 'nonetheless', 'end', 'wild', 'goos', 'chase', 'stolen', 'cash', 'togeth', 'small-tim', 'bandlead', 'wife', 'friendli', 'free-spirit', 'woman']","['jamescaan', 'peterboyl', 'sallykellerman', 'louiselass', 'allengarfield', 'richardb.shul', 'alexrocco', 'seamonglass', 'waynestorm', 'dianadarrin', 'stuartnisbet', 'edwinagough', 'aldunlap', 'jamesjoseph', 'virginiasal']",35
16008,16008,161341,nm0000051,tt0071080,Niente può essere lasciato al caso,6.3,0,0,0,0,0,1,0,0,0,0,0,0,0,0,0,0,0,0,0,0,1,0,0,0,0,0,0,0,1,0,0,0,0,0,0,0,0,0,0,0,0,0,0,0,0,0,"['independ', 'diamond', 'broker', 'girlfriend', 'attempt', 'heist', 'major', 'diamond', 'exchang', 'hous', 'london']","['charlesgrodin', 'candicebergen', 'jamesmason', 'trevorhoward', 'johngielgud', 'helencherri', 'petervaughan', 'cyrilshap', 'leongreen', 'jackwatson', 'jackwatl', 'clivemorton', 'larrycross', 'glynnedward', 'johnbindon']",35
16681,16681,168012,nm0000051,tt0073174,Operazione Siegfried,5.9,0,0,0,0,0,1,0,0,0,0,0,0,0,0,0,0,0,0,0,0,1,0,0,0,0,0,0,0,1,0,0,0,0,0,0,0,0,0,0,0,0,0,0,0,0,0,"['thirti', 'year', 'ww2', 'team', 'former', 'gi', 'german', 'soldier', 'plan', 'retriev', 'nazi', 'loot', 'hidden', 'soviet', 'occupi', 'east', 'germani', 'exact', 'locat', 'known', 'imprison', 'nazi', 'war', 'crimin']","['tellysavala', 'robertculp', 'jamesmason', 'aldoray', 'güntermeisn', 'adrianhoven', 'wolfganglukschi', 'charleskorvin', 'constantinegregori', 'richardwarn', 'donfellow', 'doriskunstmann', 'lornadalla', 'sigridhanack', 'peterschlesing']",35
17723,17723,178384,nm0001588,tt0076518,I padroni della città,6.1,0,0,0,0,0,1,0,0,0,0,0,0,0,0,0,0,0,0,0,0,1,0,0,0,0,0,0,0,1,0,0,0,0,0,0,0,0,0,0,0,0,0,0,0,0,0,"['two', 'small-tim', 'hoodlum', 'plot', 'get', 'even', 'treacher', 'boss', 'intent', 'monopol', 'crimin', 'activ', 'within', 'rome']","['jackpal', 'alcliv', 'harryba', 'giselahahn', 'enzopulcrano', 'carmeloreal', 'edmundpurdom', 'vittoriocaprioli', 'rosarioborelli', 'pietroceccarelli', 'salvatorebilla', 'peterberl', 'raullovecchio', 'giuliobaraghini', 'enricopalombini']",35
20009,20009,201330,nm0017749,tt0084189,Jönssonligan & DynamitHarry,6.1,0,0,0,0,0,1,0,0,0,0,0,0,0,0,0,0,0,0,0,0,1,0,0,0,0,0,0,0,1,0,0,0,0,0,0,0,0,0,0,0,0,0,0,0,0,0,"['sickan', 'vanheden', 'rocki', 'tri', 'rob', 'bern', 'nightclub', 'one', 'night', 'vanheden', 'made', 'mistak', 'invit', 'constantli', 'drunk', 'cousin', 'old', 'dynamit', 'dynamite-harri', 'ruin']","['göstaekman', 'ulfbrunnberg', 'nilsbrandt', 'björngustafson', 'carlbillquist', 'danekborg', 'stenardenstam', 'monaseilitz', 'weironholmberg', 'jarlborssén', 'lenasöderblom', 'pergrundén', 'pederivarsson', 'peterharryson', 'jannygren']",35
20375,20375,205050,nm0005745,tt0085420,Delitto in Formula Uno,6.1,0,0,0,0,0,1,0,0,0,0,0,0,0,0,0,0,0,0,0,0,1,0,0,0,0,0,0,0,1,0,0,0,0,0,0,0,0,0,0,0,0,0,0,0,0,0,"['keep', 'eye', 'small', 'time', 'crook', 'brother', 'law', 'inspector', 'nico', 'giraldi', 'get', 'involv', 'murder', 'case', 'set', 'world', 'formula', 'one', 'race', 'giraldi', 'suspend', 'tri']","['tomasmilian', 'pinocolizzi', 'dagmarlassand', 'olimpiadinardo', 'pacofabrini', 'licinialentini', 'isabelrussinova', 'enzogarinei', 'massimovanni', 'mariagraziabuccella', 'bombolo', 'sergiodipinto', 'leogavero', 'marcellomartana', 'valerioisidori']",35
21592,21592,217225,nm0001021,tt0089649,My Man Adam,5.6,0,0,0,0,0,1,0,0,0,0,0,0,0,0,0,0,0,0,0,0,1,0,0,0,0,0,0,0,1,0,0,0,0,0,0,0,0,0,0,0,0,0,0,0,0,0,"['pizza', 'deliveri', 'lad', 'fantasis', 'dream', 'girl', 'heroic', 'deed', 'perform', 'make', 'notic', 'get', 'involv', 'murder']","['raphaelsbarg', 'pagehannah', 'veronicacartwright', 'larryb.scott', 'davethoma', 'charliebarnett', 'austinpendleton', 'chriselliott', 'lindafinzi', 'grantforsberg', 'winifredfreedman', 'dannygoldman', 'garrygoodrow', 'denisegordi', 'alanhaufrect']",35
21976,21976,221124,nm0111868,tt0090928,Honey Britches,2.8,0,0,0,0,0,1,0,0,0,0,0,0,0,0,0,0,0,0,0,0,1,0,0,0,0,0,0,0,1,0,0,0,0,0,0,0,0,0,0,0,0,0,0,0,0,0,"['thi', 'stori', 'four', 'jewel', 'thiev', 'run', 'decid', 'hole', 'hillbilli', 'coupl', 'search', 'slacken']","['ashleybrook', 'ashleybrook', 'georgeelli', 'trudymoor', 'michaelbattlesmith', 'jimpeck', 'pepperthurston', 'valarielipsey', 'r.kennethwad', 'frankjon', 'alandavi', 'benenni', 'chrischrist', 'johncarradin']",35
23058,23058,231982,nm0000345,tt0094142,Getta la mamma dal treno,6.3,0,0,0,0,0,1,0,0,0,0,0,0,0,0,0,0,0,0,0,0,1,0,0,0,0,0,0,0,1,0,0,0,0,0,0,0,0,0,0,0,0,0,0,0,0,0,"['bitter', 'ex-husband', 'want', 'former', 'spous', 'dead', 'put-upon', 'momma', ""'s"", 'boy', 'want', 'mother', 'dead', 'pull']","['dannydevito', 'billycryst', 'kimgreist', 'anneramsey', 'katemulgrew', 'branfordmarsali', 'robrein', 'brucekirbi', 'joeydepinto', 'annieross', 'rayebirk', 'oprahwinfrey', 'oliviabrown', 'philipperlman', 'stusilv']",35
23978,23978,241246,nm0000474,tt0097235,4 pazzi in libertà,6.5,0,0,0,0,0,1,0,0,0,0,0,0,0,0,0,0,0,0,0,0,1,0,0,0,0,0,0,0,1,0,0,0,0,0,0,0,0,0,0,0,0,0,0,0,0,0,"['four', 'mental', 'patient', 'field', 'trip', 'new', 'york', 'citi', 'must', 'save', 'care', 'chaperon', 'end', 'taken', 'hospit', 'coma', 'accident', 'wit', 'murder', 'killer', 'find', 'finish', 'job']","['michaelkeaton', 'christopherlloyd', 'peterboyl', 'stephenfurst', 'dennisboutsikari', 'lorrainebracco', ""miloo'shea"", 'philipbosco', 'jamesremar', 'jackgilpin', 'macintyredixon', 'michaellembeck', 'billgoffi', 'jackduffi', 'bradsullivan']",35
24974,24974,251389,nm0000323,tt0100602,Come fare carriera... molto disonestamente,6.7,0,0,0,0,0,1,0,0,0,0,0,0,0,0,0,0,0,0,0,0,1,0,0,0,0,0,0,0,1,0,0,0,0,0,0,0,0,0,0,0,0,0,0,0,0,0,"['think', ""'re"", 'top', 'corpor', 'ladder', 'discov', 'manag', 'pull', 'ladder', 'away', 'sometim', 'take', 'upon', 'level', 'play']","['michaelcain', 'elizabethmcgovern', 'peterriegert', 'swoosiekurtz', 'willpatton', 'jennywright', 'johnmcmartin', 'barbarabaxley', 'havilandmorri', 'philipmoon', 'kentbroadhurst', 'zachgreni', 'davidschramm', 'samschacht', 'christopherdurang']",35
25256,25256,254266,nm0000554,tt0101692,Death in Brunswick,6.6,0,0,0,0,0,1,0,0,0,0,0,0,0,0,0,0,0,0,0,0,1,0,0,0,0,0,0,0,1,0,0,0,0,0,0,0,0,0,0,0,0,0,0,0,0,0,"['carl', 'fitzgerald', 'down-on-his-luck', 'meet', 'sophi', 'beauti', 'greek', 'girl', 'get', 'job', 'cook', 'accident', 'kill', 'fellow', 'worker', 'turn', 'unscrupul', 'best', 'friend', 'help', 'attempt', 'dispos', 'bodi']","['samneil', 'zoecarid', 'johnclark', 'yvonnelawley', 'nicklathouri', 'nicholaspapademetri', 'borisbrk', 'deborahkennedi', 'dorisyounan', 'denismoor', 'kriskarahisarli', 'stevehutchison', 'huriyebalkaya', 'orhanakku', 'danielkadamani']",35
26554,26554,267388,nm0347670,tt0106671,Tallinn pimeduses,6.8,0,0,0,0,0,1,0,0,0,0,0,0,0,0,0,0,0,0,0,0,1,0,0,0,0,0,0,0,1,0,0,0,0,0,0,0,0,0,0,0,0,0,0,0,0,0,"['august', 'estonia', 'reclaim', 'independ', 'ussr', 'bring', 'nation', 'bank', 'nearli', 'billion', 'gold', 'bullion', 'hidden', 'pari', 'year', 'russian', 'mobster', 'bold']","['ivouukkivi', 'milenagulb', 'monikamäg', 'ennklooren', 'väinola', 'peeteroja', 'jürijärvet', 'villemindrikson', 'andresraag', 'gerardocontrera', 'martintulmin', 'kadrikilvet', 'salmepoopuu', 'ulvikreitsmann', 'kristelkärn']",35
26612,26612,267959,nm0000145,tt0106873,Fatal Instinct - Prossima apertura,5.8,0,0,0,0,0,1,0,0,0,0,0,0,0,0,0,0,0,0,0,0,1,0,0,0,0,0,0,0,1,0,0,0,0,0,0,0,0,0,0,0,0,0,0,0,0,0,"['spoof', 'thriller']","['armandassant', 'sherilynfenn', 'katenelligan', 'seanyoung', 'christophermcdonald', 'jamesremar', 'tonyrandal', 'clarenceclemon', 'michaelcumpsti', 'johnwitherspoon', 'blakeclark', 'edwardblanchard', 'davidgreenle', 'timfrisbi', 'michaelmaccleod']",35
26640,26640,268241,nm0002015,tt0106963,Scherzi maligni,6.0,0,0,0,0,0,1,0,0,0,0,0,0,0,0,0,0,0,0,0,0,1,0,0,0,0,0,0,0,1,0,0,0,0,0,0,0,0,0,0,0,0,0,0,0,0,0,"['stori', 'way', 'insur', 'investig', 'roland', 'cop', 'interfer', 'manipul', 'live', 'outrag', 'game', 'gimmick', 'eventu', 'becom', 'involv']","['philcollin', 'hugoweav', 'josephinebyrn', 'mitchellmcmahon', 'andrewmcmahon', 'rebelpenfold-russel', 'petermochri', ""heleno'connor"", 'colleenclifford', 'vincentbal', 'gandhimacintyr', 'christinaormani', 'nicholashammond', 'keechan', 'iancockburn']",35
26879,26879,270708,nm0156566,tt0107713,Yeuk ji luen,6.0,0,0,0,0,0,1,0,0,0,0,0,0,0,0,0,0,0,0,0,0,1,0,0,0,0,0,0,0,1,0,0,0,0,0,0,0,0,0,0,0,0,0,0,0,0,0,"['woman', 'look', 'cop', 'help', 'abus', 'husband', 'constantli', 'rape', 'beat', 'belittl', 'son', 'husband', 'catch', 'wind', 'cop', ""'s"", 'plan']","['dannyle', 'elizabethle', 'anthonychau-sangwong', 'erickei', 'juliele', 'pingha', 'yiu-fungwoo', 'yanpak', 'ka-sangcheng', 'wan-sile', 'kin-onpoon', 'jeong-ilchoi']",35
27283,27283,274840,nm0000331,tt0109480,Poliziotti a domicilio,5.2,0,0,0,0,0,1,0,0,0,0,0,0,0,0,0,0,0,0,0,0,1,0,0,0,0,0,0,0,1,0,0,0,0,0,0,0,0,0,0,0,0,0,0,0,0,0,"['counterfeit', 'habit', 'elimin', 'competit', 'move', 'next', 'door', 'robberson', 'two', 'cop', 'move', 'robberson', 'stakeout']","['chevychas', 'jackpal', 'diannewiest', 'robertdavi', 'davidbarrygray', 'jasonjamesricht', 'faymasterson', 'mikohugh', 'richardromanu', 'sallandi', 'ronaldl.schwari', 'jackkehl', 'amypowel', 'dawnlandon', 'jimholm']",35
27755,27755,279653,nm0000498,tt0111127,La signora ammazzatutti,6.8,0,0,0,0,0,1,0,0,0,0,0,0,0,0,0,0,0,0,0,0,1,0,0,0,0,0,0,0,1,0,0,0,0,0,0,0,0,0,0,0,0,0,0,0,0,0,"['sweet', 'mother', 'find', 'particip', 'homicid', 'activ', 'see', 'occas', 'call']","['kathleenturn', 'samwaterston', 'rickilak', 'matthewlillard', 'scottmorgan', 'waltmacpherson', 'justinwhalin', 'patriciadunnock', 'lonniehorsey', 'minkstol', 'maryjocatlett', 'johnbadila', 'kathyfannon', 'dougrobert', 'tracilord']",35
28233,28233,284567,nm0000237,tt0113161,Get Shorty,6.9,0,0,0,0,0,1,0,0,0,0,0,0,0,0,0,0,0,0,0,0,1,0,0,0,0,0,0,0,1,0,0,0,0,0,0,0,0,0,0,0,0,0,0,0,0,0,"['mobster', 'travel', 'hollywood', 'collect', 'debt', 'discov', 'movi', 'busi', 'much', 'current', 'job']","['johntravolta', 'genehackman', 'renerusso', 'dannydevito', 'dennisfarina', 'delroylindo', 'jamesgandolfini', 'jongri', 'reneeprop', 'davidpaym', 'martinferrero', 'miguelsandov', 'jacobvarga', 'lindahart', 'bobbyslayton']",35
28361,28361,285857,nm0000535,tt0113646,Lewis & Clark & George,5.4,0,0,0,0,0,1,0,0,0,0,0,0,0,0,0,0,0,0,0,0,1,0,0,0,0,0,0,0,1,0,0,0,0,0,0,0,0,0,0,0,0,0,0,0,0,0,"['two', 'escap', 'convict', 'join', 'forc', 'seduct', 'femm', 'trail', 'long-forgotten', 'gold', 'mine']","['rosemcgowan', 'dangunth', 'briantaylor', 'salvatorxuereb', 'artlafleur', 'jamesbrolin', 'jerrygardn', 'richardbutterfield', 'sallyjackson', 'suzannemari', 'tamaraclatterbuck', 'hollyriddlezuniga', 'e.e.bel', 'paulbartel', 'akialeong']",35
28419,28419,286470,nm0004415,tt0113875,Mushrooms,6.0,0,0,0,0,0,1,0,0,0,0,0,0,0,0,0,0,0,0,0,0,1,0,0,0,0,0,0,0,1,0,0,0,0,0,0,0,0,0,0,0,0,0,0,0,0,0,"['tradit', 'arsen', 'old', 'lace', 'come', 'morbidli', 'funni', 'australian', 'tale', 'murder', 'mayhem', 'hand', 'two', 'charm', 'old', 'ladi']","['juliablak', 'simonchilv', 'lynettecurran', 'brandonburk', 'georgeshevtsov', 'borisbrk', 'johngaden', 'nataliemccurri', 'berynnschwerdt', 'clarriethan', 'christinaandersson', 'kostatrikalioti', 'barbaragousko', 'tommydysart', 'nicksalaki']",35
28723,28723,289635,nm0000159,tt0115438,Due giorni senza respiro,6.5,0,0,0,0,0,1,0,0,0,0,0,0,0,0,0,0,0,0,0,0,1,0,0,0,0,0,0,0,1,0,0,0,0,0,0,0,0,0,0,0,0,0,0,0,0,0,"['hour', 'intersect', 'live', 'crime', 'lo', 'angel']","['dannyaiello', 'gregcruttwel', 'jeffdaniel', 'terihatch', 'glenneheadli', 'peterhorton', 'marshamason', 'paulmazurski', 'jamesspad', 'ericstoltz', 'charlizetheron', 'keithcarradin', 'louisefletch', 'austinpendleton', 'kathleenluong']",35
28884,28884,291272,nm0000233,tt0115994,Curdled - Una commedia pulp,5.9,0,0,0,0,0,1,0,0,0,0,0,0,0,0,0,0,0,0,0,0,1,0,0,0,0,0,0,0,1,0,0,0,0,0,0,0,0,0,0,0,0,0,0,0,0,0,"['get', 'interest', 'murder', 'kid', 'colombia', 'gabriela', 'scrapbook', 'murder', 'includ', 'clip', 'blue', 'blood', 'killer', 'clean', 'latest', 'murder', 'scene', 'miami', 'come', 'across', 'clue', 'miss', 'cop']","['williambaldwin', 'angelajon', 'bruceramsay', 'loischil', 'barrycorbin', 'melgorham', 'daisyfuent', 'carmenlópez', 'viviennesendaydiego', 'caridadravelo', 'sandrathigpen', 'kellypreston', 'lupitaferr', 'sabrinaprofitt', 'charleytuck']",35
30161,30161,304493,nm0001031,tt0120018,Rien ne va plus - Il gioco è fatto,6.5,0,0,0,0,0,1,0,0,0,0,0,0,0,0,0,0,0,0,0,0,1,0,0,0,0,0,0,0,1,0,0,0,0,0,0,0,0,0,0,0,0,0,0,0,0,0,"['betti', 'victor', 'pair', 'scam', 'artist', 'one', 'day', 'betti', 'bring', 'mauric', 'treasur', 'multin', 'compani', 'mauric', 'due', 'transfer', 'million', 'franc', 'switzerland', 'betti', 'convinc', 'plan', 'steal', 'money']","['isabellehuppert', 'michelserrault', 'françoiscluzet', 'jean-françoisbalm', 'jackieberroy', 'jeanbenguigui', 'monydalmè', 'thomaschabrol', 'greggermain', 'nathaliekousnetzoff', 'pierremartot', 'ericbonicatto', 'pierre-françoisdumeniaud', 'yvesverhoeven', 'henriatt']",35
30428,30428,307269,nm0002926,tt0120680,Delitti d'autore,4.5,0,0,0,0,0,1,0,0,0,0,0,0,0,0,0,0,0,0,0,0,1,0,0,0,0,0,0,0,1,0,0,0,0,0,0,0,0,0,0,0,0,0,0,0,0,0,"['eva', 'legit', 'actress', 'also', 'debt', 'collect', 'job', 'side', 'ex-husband', 'loan', 'shark', 'al', ""n't"", 'want', 'go', 'collect', 'al', 'ask', 'one', 'last', 'job', 'find', 'miss', 'stolen', 'flav']","['josérafaelarango', 'nicolearlyn', 'davidcal', 'nickchinlund', 'robbiecoltran', 'daviddebling', 'anthonydesando', 'johndimaggio', 'harryhamlin', 'ianhart', 'barbarahershey', 'zakkerkoula', 'johnleguizamo', 'lindamancini', 'lisamari']",35
30836,30836,311452,nm0000139,tt0124198,Cose molto cattive,6.4,0,0,0,0,0,1,0,0,0,0,0,0,0,0,0,0,0,0,0,0,1,0,0,0,0,0,0,0,1,0,0,0,0,0,0,0,0,0,0,0,0,0,0,0,0,0,"['prostitut', 'kill', 'bachelor', 'parti', 'attende', 'turn', 'wed', 'approach']","['jonfavreau', 'lelandors', 'camerondiaz', 'christianslat', 'robbrownstein', 'jeremypiven', 'danielstern', 'jeannetripplehorn', 'joeyzimmerman', 'tylercolemaling', 'kobetai', 'russellb.mckenzi', 'panchodem', 'blakegibbon', 'angelodimasciojr']",35
30903,30903,312125,nm0000248,tt0125211,I Woke Up Early the Day I Died,5.8,0,0,0,0,0,1,0,0,0,0,0,0,0,0,0,0,0,0,0,0,1,0,0,0,0,0,0,0,1,0,0,0,0,0,0,0,0,0,0,0,0,0,0,0,0,0,"['cross-dress', 'mental', 'patient', 'escap', 'asylum', 'rob', 'bank', 'money', 'soon', 'stolen', 'embark', 'kill', 'spree', 'attempt', 'retriev']","['billyzan', 'tippihedren', 'ronperlman', 'michaelgreen', 'christinaricci', 'robertahanley', 'andrewmccarthi', 'annmagnuson', 'robertmusselman', 'marvinlor', 'budcort', 'taylornegron', 'meganodebash', 'carelstruycken', 'maxperlich']",35
31322,31322,316350,nm0001244,tt0132165,Flypaper,5.2,0,0,0,0,0,1,0,0,0,0,0,0,0,0,0,0,0,0,0,0,1,0,0,0,0,0,0,0,1,0,0,0,0,0,0,0,0,0,0,0,0,0,0,0,0,0,"['lust', 'dishonesti', 'bring', 'stranger', 'togeth', 'sexual', 'escapad', 'kinki', 'behavior', 'lead', 'violenc', 'twist', 'end']","['craigsheff', 'robertloggia', 'sadiefrost', 'johnc.mcginley', 'illeanadougla', 'sallopez', 'shanebrolli', 'talisasoto', 'lucyliu', 'jameswild', 'jeffreyjon', 'juliewhit', 'danecook', 'haleygilbertfish', 'kimberlypaig']",35
31391,31391,317043,nm0038095,tt0133168,Radio tekee murron,7.0,0,0,0,0,0,1,0,0,0,0,0,0,0,0,0,0,0,0,0,0,1,0,0,0,0,0,0,0,1,0,0,0,0,0,0,0,0,0,0,0,0,0,0,0,0,0,"['eager', 'young', 'radio', 'report', 'teräsvuori', 'stage', 'one-man', 'burglari', 'helsinki', 'art', 'museum', 'record', 'tape', 'later', 'broadcast', 'friend', 'laakso', 'thing', 'go', 'awri', 'gang', 'real']","['hanneshäyrinen', 'ritvaarvelo', 'kullervokalsk', 'kuntokarapää', 'heikkisavolainen', 'mattilehtelä', 'kaukokäyhkö', 'uljaskandolin', 'lassepöysti', 'arvolehesmaa', 'kaarlohalttunen', 'ainomantsa', 'kaukovuorensola', 'kirstiortola', 'kaukokokkonen']",35
31481,31481,317965,nm0001235,tt0134974,Voci di morte,5.2,0,0,0,0,0,1,0,0,0,0,0,0,0,0,0,0,0,0,0,0,1,0,0,0,0,0,0,0,1,0,0,0,0,0,0,0,0,0,0,0,0,0,0,0,0,0,"['movi', 'sound', 'mixer', 'work', 'low', 'budget', 'film', 'unappreci', 'almost', 'everyon', 'start', 'lose', 'grasp', 'realiti', 'life', 'spiral', 'downward', 'final', 'snap', 'take', 'reveng']","['waynepér', 'elianechappui', 'williamforsyth', 'wesstudi', 'nickstahl', 'johnkoyama', 'tamlyntomita', 'lianecurti', 'audieengland', 'gilberttrejo', 'dannytrejo', 'markcaso', 'mattsorum', 'patrickmalon', 'christophercaso']",35
32115,32115,324322,nm0000176,tt0145505,Delitto imperfetto,5.2,0,0,0,0,0,1,0,0,0,0,0,0,0,0,0,0,0,0,0,0,1,0,0,0,0,0,0,0,1,0,0,0,0,0,0,0,0,0,0,0,0,0,0,0,0,0,"['susan', 'want', 'reprehens', 'ex-husband', 'dead', 'sever', 'bungl', 'attempt', 'henchmen', 'tri', 'accomplish', 'deed', 'first', 'boyfriend', 'hire', 'two', 'dim-wit', 'hitmen', 'hire']","['nastassjakinski', 'billyzan', 'michaelbiehn', 'robschneid', 'laraflynnboyl', 'carlballantin', 'thomashadenchurch', 'billduk', 'lisaedelstein', 'shereenorth', 'adrianpaul', 'danaykroyd', 'joeytravolta', 'christinavenuti', 'robertharvey']",35
32119,32119,324362,nm0000986,tt0145547,Two Hands,7.1,0,0,0,0,0,1,0,0,0,0,0,0,0,0,0,0,0,0,0,0,1,0,0,0,0,0,0,0,1,0,0,0,0,0,0,0,0,0,0,0,0,0,0,0,0,0,"['year', 'old', 'find', 'debt', 'local', 'gangster', 'gang', 'loot', 'disappear', 'set', 'run', 'thug', 'meanwhil', 'two', 'street', 'kid', 'start', 'shop', 'spree', 'find', 'miss', 'money']","['heathledg', 'bryanbrown', 'davidfield', 'tomlong', 'tonyforrow', 'stevenvidl', 'dalekalnin', 'kiriparamor', 'billdruri', 'davidmoeaki', 'mathewwilkinson', 'rosebyrn', 'maryacr', 'evansheav', 'jarrahdarl']",35
32483,32483,328025,nm0000535,tt0155776,Amiche cattive,5.7,0,0,0,0,0,1,0,0,0,0,0,0,0,0,0,0,0,0,0,0,1,0,0,0,0,0,0,0,1,0,0,0,0,0,0,0,0,0,0,0,0,0,0,0,0,0,"['three', 'popular', 'girl', 'reagan', 'high', 'accident', 'kill', 'prom', 'queen', 'jawbreak', 'kidnap', 'goe', 'horribl', 'wrong']","['rosemcgowan', 'rebeccagayheart', 'juliebenz', 'judygr', 'chadchrist', 'ethanerickson', 'tatyanaali', 'charlotteayanna', 'jeffconaway', 'williamkatt', 'p.j.sole', 'thedonna', 'marilynmanson', 'carolkan', 'pamgrier']",35
32539,32539,328577,nm0039825,tt0156583,La grosse caisse,6.5,0,0,0,0,0,1,0,0,0,0,0,0,0,0,0,0,0,0,0,0,1,0,0,0,0,0,0,0,1,0,0,0,0,0,0,0,0,0,0,0,0,0,0,0,0,0,"['loui', 'bourdin', 'modest', 'ticket', 'puncher', 'pari', 'metro', 'enamour', 'crime', 'fiction', 'decid', 'write', 'novel', 'expect', 'one', 'day', 'famou', 'august', 'le']","['bourvil', 'paulmeuriss', 'françoisedeldick', 'danielceccaldi', 'henripiégay', 'philippemarch', 'menahemshuv', 'bernardfresson', 'jacqueslegra', 'georgesaudoubert', 'jacquesple', 'pierrerichard', 'françoiselebail', 'jacquelinejohel', 'tsillachelton']",35
32866,32866,331975,nm0049436,tt0162555,Le poulpe,6.6,0,0,0,0,0,1,0,0,0,0,0,0,0,0,0,0,0,0,0,0,1,0,0,0,0,0,0,0,1,0,0,0,0,0,0,0,0,0,0,0,0,0,0,0,0,0,"['privat', 'investig', 'nicknam', 'octopu', 'long', 'arm', 'travel', 'small', 'town', 'angernaud', 'bisexu', 'girlfriend', 'collect', 'money', 'spent', 'reconstruct']","['jean-pierredarroussin', 'clotildecourau', 'stéphanebouch', 'juliedelarm', 'aristidedemonico', 'jamesfaulkn', 'jean-françoisgallott', 'nicolasjouhet', 'françoislevant', 'brunolochet', 'martinelogi', 'philippenahon', 'julienrassam', 'frédéricvandendriessch', 'yvesverhoeven']",35
32955,32955,332901,nm0000899,tt0164008,Come un pesce fuor d'acqua,5.7,0,0,0,0,0,1,0,0,0,0,0,0,0,0,0,0,0,0,0,0,1,0,0,0,0,0,0,0,1,0,0,0,0,0,0,0,0,0,0,0,0,0,0,0,0,0,"['torpedo', 'bb', 'psychopath', 'right', 'hand', 'melvin', 'plan', 'rob', 'former', 'opera', 'singer', 'one', 'belov', 'rare', 'fish', 'sell', 'back', 'opera', 'singer', 'love', 'myrtil', 'also', 'crook']","['tchékykaryo', 'monicabellucci', 'dominiquepinon', 'michelmul', 'mehmetulusoy', 'gérardismaël', 'joségarcia', 'andrépouss', 'karinenuri', 'beatricepalm', 'zirek', 'mahmutdemir', 'aliihsankaleci', 'ilhanarkan', 'akbardjabar']",35
33567,33567,339050,nm0000429,tt0173716,A morte Hollywood,6.3,0,0,0,0,0,1,0,0,0,0,0,0,0,0,0,0,0,0,0,0,1,0,0,0,0,0,0,0,1,0,0,0,0,0,0,0,0,0,0,0,0,0,0,0,0,0,"['insan', 'independ', 'film', 'director', 'renegad', 'group', 'teenag', 'filmmak', 'kidnap', 'a-list', 'hollywood', 'actress', 'forc', 'star', 'underground', 'film']","['melaniegriffith', 'stephendorff', 'aliciawitt', 'adriangreni', 'lawrencegilliardjr', 'maggiegyllenha', 'jacknoseworthi', 'minkstol', 'rickilak', 'patriciahearst', 'michaelshannon', 'kevinnealon', 'ericbarri', 'zenzeleuzoma', 'erikaauchterloni']",35
34439,34439,347788,nm0000173,tt0188453,Birthday Girl,6.1,0,0,0,0,0,1,0,0,0,0,0,0,0,0,0,0,0,0,0,0,1,0,0,0,0,0,0,0,1,0,0,0,0,0,0,0,0,0,0,0,0,0,0,0,0,0,"['thirtysometh', 'bank', 'clerk', 'st', 'alban', 'small-town', 'life', 'explod', 'arriv', 'russian', 'mail-ord', 'bride']","['nicolekidman', 'benchaplin', 'vincentcassel', 'mathieukassovitz', 'katelynnevan', 'stephenmangan', 'alexanderarmstrong', 'sallyphillip', 'jomcinn', 'benmil', 'jonathanari', 'katyabarton-chappl', 'rebeccanorton', 'markgatiss', 'rajghatak']",35
35516,35516,358558,nm0000144,tt0209486,Wish You Were Dead,4.9,0,0,0,0,0,1,0,0,0,0,0,0,0,0,0,0,0,0,0,0,1,0,0,0,0,0,0,0,1,0,0,0,0,0,0,0,0,0,0,0,0,0,0,0,0,0,"['two', 'bad', 'women', 'fight', 'one', 'man', 'back-stab', 'money-grab', 'insurance-hustl', 'double-d', 'two-tim', 'caper']","['caryelw', 'elainehendrix', 'christopherlloyd', 'marysteenburgen', 'sallykirkland', 'genesimmon', 'tanyaallen', 'dennisburkley', 'linshay', 'robertenglund', 'billyraycyru', 'davidbasulto', 'morganbateman', 'kellybirch', 'raziebrownston']",35
35676,35676,360126,nm0247878,tt0213053,Lava,5.3,0,0,0,0,0,1,0,0,0,0,0,0,0,0,0,0,0,0,0,0,1,0,0,0,0,0,0,0,1,0,0,0,0,0,0,0,0,0,0,0,0,0,0,0,0,0,"['two', 'unlik', 'friend', 'set', 'mission', 'reveng']","['jamesholm', 'nicolastapleton', 'joetuck', 'grahamefox', 'markleadbett', 'tamekaempson', 'lesliegrantham', 'tombel', 'johannmy', 'dennistitu', 'stephencallender-ferri', 'harryiggulden', 'andrewtiernan', 'tylergarni', 'angelamatemotja']",35
36077,36077,364251,nm0001838,tt0221889,Beautiful Creatures,5.9,0,0,0,0,0,1,0,0,0,0,0,0,0,0,0,0,0,0,0,0,1,0,0,0,0,0,0,0,1,0,0,0,0,0,0,0,0,0,0,0,0,0,0,0,0,0,"['two', 'girl', 'thrown', 'togeth', 'boyfriend', 'violenc', 'accident', 'kill', 'one']","['susanlynch', 'iainglen', ""jaked'arci"", 'rachelweisz', 'tommannion', 'mauriceroëv', 'pauldoonan', 'robinla', 'paulinelynch', 'johnmurtagh', 'shanecadzow', 'julietcadzow', 'alexnorton', 'stewartpreston', 'rondonachi']",35
36248,36248,365962,nm0019753,tt0228239,3 Chinesen mit dem Kontrabass,6.6,0,0,0,0,0,1,0,0,0,0,0,0,0,0,0,0,0,0,0,0,1,0,0,0,0,0,0,0,1,0,0,0,0,0,0,0,0,0,0,0,0,0,0,0,0,0,"['german', 'children', 'song', 'three', 'chines', 'contrabass']","['borisaljinov', 'jürgentarrach', 'claudiamichelsen', 'iljaricht', 'edgarselg', 'carolaregni', 'berndstegemann', 'rainersellien', 'annamariaondra', 'sabinekaack', 'stephanieklau', 'veronikanickl', 'ingridvonbothm', 'severinvonerffa', 'susannehoss']",35
36501,36501,368490,nm0150553,tt0235154,Ruang talok 69,7.2,0,0,0,0,0,1,0,0,0,0,0,0,0,0,0,0,0,0,0,0,1,0,0,0,0,0,0,0,1,0,0,0,0,0,0,0,0,0,0,0,0,0,0,0,0,0,"['woman', 'fire', 'financi', 'coorpor', 'asia', 'crisi', 'return', 'home', 'money', 'howev', 'find', 'box', 'fortun', 'front', 'door', 'decid', 'keep']","['lalitapanyopa', 'sirisinsiripornsmathikul', 'prompople', 'surapongmekpongsathorn', 'tasanawalaiongartittichai', ""jaran'seetao'petcharoen"", 'blackphomtong', 'arunwannarbodeewong', 'cheathavuthwatcharakhun']",35
36569,36569,369163,nm0001709,tt0236343,Jetzt oder nie - Zeit ist Geld,5.7,0,0,0,0,0,1,0,0,0,0,0,0,0,0,0,0,0,0,0,0,1,0,0,0,0,0,0,0,1,0,0,0,0,0,0,0,0,0,0,0,0,0,0,0,0,0,"['three', 'elderli', 'ladi', 'carla', 'lilli', 'meta', 'hard', 'earn', 'holiday', 'money', 'stolen', 'bank', 'robber', 'decid', 'steal', 'local', 'bank', 'along', 'way', 'romanc', 'argument', 'unexpect', 'surpris']","['gudrunokra', 'elisabethscher', 'christelpet', 'vladimirweigl', 'rainerbock', 'christophbol', 'thomasbrenn', 'imkebüchel', 'larsbüchel', 'ernstdornau', 'evaebn', 'maxfreitag', 'renégenesi', 'corinnaharfouch', 'gerdhartwig']",35
36690,36690,370417,nm0000767,tt0239670,Mortel transfert,6.0,0,0,0,0,0,1,0,0,0,0,0,0,0,0,0,0,0,0,0,0,1,0,0,0,0,0,0,0,1,0,0,0,0,0,0,0,0,0,0,0,0,0,0,0,0,0,"['michel', 'psycho-analyst', 'fall', 'asleep', 'listen', 'patient', 'olga', 'kleptomaniac', 'sexual', 'pervert', 'tell', 'like', 'husband', 'beat', 'wake', 'find']","['jean-huguesanglad', 'hélènedefougerol', ""predrag'miki'manojlov"", 'valentinasauca', 'roberthirsch', 'yvesrénier', 'catherinemouchet', 'denispodalydè', 'jean-pierrebeck', 'ritonliebman', 'vanthatalisman', 'laurentbateau', 'cyrilraffaelli', 'estelledesang', 'matteovallon']",35
37023,37023,373782,nm0000623,tt0246464,Big trouble - Una valigia piena di guai,6.5,0,0,0,0,0,1,0,0,0,0,0,0,0,0,0,0,0,0,0,0,1,0,0,0,0,0,0,0,1,0,0,0,0,0,0,0,0,0,0,0,0,0,0,0,0,0,"['live', 'sever', 'miami', 'denizen', 'ad', 'agent', 'gunrunn', 'street', 'thug', 'law', 'enforc', 'school-children', 'intersect', 'humor', 'danger', 'result']","['timallen', 'renerusso', 'stanleytucci', 'tomsizemor', 'johnnyknoxvil', 'dennisfarina', 'jackkehl', 'janeanegarofalo', 'patrickwarburton', 'benfost', 'zooeydeschanel', 'heavyd', 'omarepp', 'jasonle', 'sofíavergara']",35
38291,38291,386535,nm0006694,tt0271210,R.S.V.P.,5.2,0,0,0,0,0,1,0,0,0,0,0,0,0,0,0,0,0,0,0,0,1,0,0,0,0,0,0,0,1,0,0,0,0,0,0,0,0,0,0,0,0,0,0,0,0,0,"['psycholog', 'student', 'invit', 'group', 'friend', 'teacher', 'drug', 'alcohol-fuel', 'parti', 'plan', 'murder']","['jamesm.churchman', 'sharonbruneau', 'scottworkman', 'a.scott', 'charleyallen', 'richkelli', 'glennquinn', 'rickotto', 'lucasbabin', 'brandiandr', 'renowilson', 'jeannechinn', 'brucemichaelpain', 'jasonmew', 'majandradelfino']",35
38530,38530,388936,nm0018056,tt0275425,Inspetor Faustão e o Mallandro: A Missão (Primeira e Única),3.2,0,0,0,0,0,1,0,0,0,0,0,0,0,0,0,0,0,0,0,0,1,0,0,0,0,0,0,0,1,0,0,0,0,0,0,0,0,0,0,0,0,0,0,0,0,0,"['faustão', 'inspector', 'mission', 'protect', 'anim', 'wick', 'mallandro', 'boss', ""'s"", 'son', 'becom', 'partner', 'need', 'find', 'rare', 'quail', 'stolen', 'anim', 'traffick']","['faustosilva', 'sergiomallandro', 'cláudiaalencar', 'caíquebenigno', 'paolabettega', 'sylvinhoblaublau', 'chiquinhobrandão', 'marcelocaridad', 'costinha', 'sandradesá', 'cláudiogonzaga', 'charlesgonçalv', 'amauriguarilha', 'sylviaguimarã', 'sidneymag']",35
41009,41009,414175,nm0000246,tt0327247,FBI - Protezione testimoni 2,5.5,0,0,0,0,0,1,0,0,0,0,0,0,0,0,0,0,0,0,0,0,1,0,0,0,0,0,0,0,1,0,0,0,0,0,0,0,0,0,0,0,0,0,0,0,0,0,"['jimmi', 'tulip', ""'s""]","['brucewilli', 'matthewperri', 'amandapeet', 'kevinpollak', 'natashahenstridg', 'frankcollison', 'johnnymessn', 'silasweirmitchel', 'tashasmith', 'elisagallay', 'tallulahwilli', 'johnnywilliam', 'georgezapata', 'carloszapata', 'mcnallysag']",35
41273,41273,416863,nm0000158,tt0335245,Ladykillers,6.2,0,0,0,0,0,1,0,0,0,0,0,0,0,0,0,0,0,0,0,0,1,0,0,0,0,0,0,0,1,0,0,0,0,0,0,0,0,0,0,0,0,0,0,0,0,0,"['eccentr', 'charm', 'southern', 'professor', 'crew', 'pose', 'classic', 'ensembl', 'order', 'rob', 'casino', 'nose', 'unsuspect', 'sharp', 'old', 'landladi']","['tomhank', 'irmap.hal', 'marlonwayan', 'j.k.simmon', 'tzima', 'ryanhurst', 'dianedelano', 'georgewallac', 'johnmcconnel', 'jasonweav', 'stephenroot', 'baadja-lyneodum', 'walterk.jordan', 'georgeanthonybel', 'greggrunberg']",35
41521,41521,419433,nm0001758,tt0341376,Gettin' Square,6.7,0,0,0,0,0,1,0,0,0,0,0,0,0,0,0,0,0,0,0,0,1,0,0,0,0,0,0,0,1,0,0,0,0,0,0,0,0,0,0,0,0,0,0,0,0,0,"['barri', ""'s"", 'releas', 'year', 'prison', 'good', 'intent', 'look', 'work', 'difficult', 'record', 'kid', 'brother', 'friend', 'wo', ""n't"", 'stay', 'crime']","['samworthington', 'davidwenham', 'timothyspal', 'freyastafford', 'garysweet', 'davidrobert', 'davidfield', 'lukepegl', 'richardcart', 'mitchellbutel', 'garywaddel', 'johnbrumpton', 'helenthomson', 'marealambertbark', 'joebugn']",35
42336,42336,427640,nm0000112,tt0365485,The Matador,6.7,0,0,0,0,0,1,0,0,0,0,0,0,0,0,0,0,0,0,0,0,1,0,0,0,0,0,0,0,1,0,0,0,0,0,0,0,0,0,0,0,0,0,0,0,0,0,"['globetrot', 'hitman', 'crestfallen', 'businessman', 'meet', 'hotel', 'bar', 'mexico', 'citi', 'encount', 'draw', 'togeth', 'way', 'neither', 'expect']","['piercebrosnan', 'arlinmil', 'azucenamedina', 'jonahmeyerson', 'wivecabonerai', 'gregkinnear', 'hopedavi', 'adamscott', 'portiadawson', 'robertososa', 'antoniozavalakugl', 'ramonalvarez', 'luzmariamolina', 'philipbakerhal', 'carolynhorwitz']",35
43635,43635,440786,nm0063414,tt0395125,Crimen perfecto - Finché morte non li separi,7.1,0,0,0,0,0,1,0,0,0,0,0,0,0,0,0,0,0,0,0,0,1,0,0,0,0,0,0,0,1,0,0,0,0,0,0,0,0,0,0,0,0,0,0,0,0,0,"['ambiti', 'salesman', 'anyth', 'big', 'promot', ""'s"", 'chase', 'inevit', 'learn', 'thing', 'perfect', 'crime']","['guillermotoledo', 'mónicacervera', 'luisvarela', 'enriquevillén', 'fernandotejero', 'javiergutiérrez', 'kiramiró', 'rosariopardo', 'graciaolayo', 'joséalia', 'penélopevelasco', 'montsemostaza', 'eduardogómez', 'enriquemartínez', 'aliciaandújar']",35
44674,44674,451399,nm0049326,tt0420982,Zhmurki,7.2,0,0,0,0,0,1,0,0,0,0,0,0,0,0,0,0,0,0,0,0,1,0,0,0,0,0,0,0,1,0,0,0,0,0,0,0,0,0,0,0,0,0,0,0,0,0,"['thi', 'movi', 'stern', 'gangster', 'custom', 'one', 'russian', 'provinci', 'citi', 'mid-90', 'could', 'expect', 'either', 'stupid', 'game', 'blind', 'man', ""'s"", 'buffet', 'truli', 'bloodi', 'showdown', 'stack', 'bluffer']","['alekseypanin', 'dmitriydyuzhev', 'nikitamikhalkov', 'sergeymakovetskiy', 'anatoliyzhuravlyov', 'grigoriysiyatvinda', 'viktorsukhorukov', 'alekseyserebryakov', 'gariksukachyov', 'andreypanin', 'kirillpirogov', 'yuriystepanov', 'renatalitvinova', 'zhannabolotova', 'tatyanadogileva']",35
46331,46331,468335,nm0007228,tt0461209,Ek Khiladi Ek Haseena,5.7,0,0,0,0,0,1,0,0,0,0,0,0,0,0,0,0,0,0,0,0,1,0,0,0,0,0,0,0,1,0,0,0,0,0,0,0,0,0,0,0,0,0,0,0,0,0,"['meet', 'arjun', 'verma', 'conman', 'play', 'biggest', 'odd', 'win', 'train', 'belli', 'bombay', 'know', 'score', 'women', 'money', 'law', 'hi', 'playground', 'alon', 'nobodi', 'f']","['fardeenkhan', 'koenamitra', 'kaykaymenon', 'rakhisaw', 'mumaitkhan', 'zabynkhan', 'ferozkhan', 'kurushdeboo', 'makranddeshpand', 'mukuldev', 'gulshangrov', 'aminhaje', 'shoaibhassan', 'sharads.kapoor', 'kaminikhanna']",35
46536,46536,470411,nm0084241,tt0465711,La cura del gorilla,6.3,0,0,0,0,0,1,0,0,0,0,0,0,0,0,0,0,0,0,0,0,1,0,0,0,0,0,0,0,1,0,0,0,0,0,0,0,0,0,0,0,0,0,0,0,0,0,"['bodyguard', 'split', 'person', 'hire', 'protect', 'elderli', 'american', 'actor', 'sent', 'itali', 'promot', 'western', 'video', 'game', 'get', ""'s"", 'nerv', 'eventu', 'form', 'bond', 'also', 'meet', 'pretti', 'social', 'worker', 'problem']","['claudiobisio', 'stefaniarocca', 'antoniocatania', 'bebostorti', 'gigioalberti', 'fabiocamilli', 'kledikadiu', 'gisellasofio', 'ernestborgnin', 'federicaarmilli', 'enricoballardini', 'fabiobezzi', 'stefanochiodaroli', 'riccardocicogna', 'alessandrocremona']",35
47480,47480,479972,nm0001710,tt0488085,Big Nothing,6.8,0,0,0,0,0,1,0,0,0,0,0,0,0,0,0,0,0,0,0,0,1,0,0,0,0,0,0,0,1,0,0,0,0,0,0,0,0,0,0,0,0,0,0,0,0,0,"['frustrat', 'unemploy', 'professor', 'join', 'forc', 'scammer', 'friend', 'blackmail', 'scheme']","['davidschwimm', 'simonpegg', 'aliceev', 'nataschamcelhon', 'jonpolito', 'mimirog', 'williamrosenfeld', 'julianglov', 'oliviapeterson', 'sarahedmondson', 'ambersealey', 'shaunashim', 'laurencebouvard', 'mindyleeraskin', 'kennethjay']",35
50038,50038,506062,nm0000225,tt0938305,Freaky Deaky,6.0,0,0,0,0,0,1,0,0,0,0,0,0,0,0,0,0,0,0,0,0,1,0,0,0,0,0,0,0,1,0,0,0,0,0,0,0,0,0,0,0,0,0,0,0,0,0,"['set', 'pair', 'radic', 'reli', 'bomb-mak', 'skill', 'way', 'becom', 'capitalist']","['billyburk', 'christianslat', 'crispinglov', 'michaeljaiwhit', 'rogerbart', 'breanneracanoferrara', 'sabinagadecki', 'andydick', 'gloriahendri', 'pagekennedi', 'leonardrobinson', 'billduk', 'carolherman', 'marksaul', 'charlesmatthau']",35
50128,50128,507005,nm0000473,tt0951216,3 donne al verde,5.8,0,0,0,0,0,1,0,0,0,0,0,0,0,0,0,0,0,0,0,0,1,0,0,0,0,0,0,0,1,0,0,0,0,0,0,0,0,0,0,0,0,0,0,0,0,0,"['three', 'femal', 'employe', 'feder', 'reserv', 'plot', 'steal', 'money', 'destroy']","['dianekeaton', 'teddanson', 'katieholm', 'adamrothenberg', 'queenlatifah', ""peyton'alex'smith"", 'charliecaldwel', 'richardflaw', 'meagenfay', 'christophermcdonald', 'denisele', 'sylviacastrogalan', 'morganashaw', 'rogercross', 'stephenroot']",35
50641,50641,512323,nm0000420,tt1002966,Ca$h,6.0,0,0,0,0,0,1,0,0,0,0,0,0,0,0,0,0,0,0,0,0,1,0,0,0,0,0,0,0,1,0,0,0,0,0,0,0,0,0,0,0,0,0,0,0,0,0,"['brother', 'kill', 'cash', 'alli', 'famou', 'thief', 'pull', 'biggest', 'robberi', 'histori']","['jeandujardin', 'jeanreno', 'valeriagolino', 'alicetaglioni', 'françoisberléand', 'carolineproust', 'samirguesmi', 'cyrilcouton', 'eriqebouaney', 'ciaránhind', 'jocelynquivrin', 'hubertsaint-macari', 'christianhecq', 'joesheridan', 'rogerduma']",35
50853,50853,514420,nm0001590,tt1018830,Yonkers Joe,6.4,0,0,0,0,0,1,0,0,0,0,0,0,0,0,0,0,0,0,0,0,1,0,0,0,0,0,0,0,1,0,0,0,0,0,0,0,0,0,0,0,0,0,0,0,0,0,"['famili', 'life', 'get', 'way', 'con', 'man', ""'s"", 'search', 'perfect', 'scam']","['chazzpalminteri', 'michaellern', 'natebynum', 'frankjohnhugh', 'christinelahti', 'patrickhugh', 'laurijohnson', 'romamaffia', 'tomguiri', 'michaelrispoli', 'linusroach', ""john'fastjack'farrel"", 'michaela.rizza', 'anthonytarantola', 'rustymey']",35
50907,50907,514971,nm0556343,tt10214842,Milliard,3.0,0,0,0,0,0,1,0,0,0,0,0,0,0,0,0,0,0,0,0,0,1,0,0,0,0,0,0,0,1,0,0,0,0,0,0,0,0,0,0,0,0,0,0,0,0,0,"['influenti', 'banker', 'matvey', 'levin', 'goe', 'great', 'length', 'avoid', 'share', 'wealth', 'illegitim', 'children', 'lose', 'everyth', 'transpir', 'help']","['vladimirmashkov', 'aleksandrabortich', 'gelameskhi', 'pavelchinaryov', 'marinapetrenko', 'mariyamironova', 'daniilspivakovskiy', 'grigoriykalinin', 'fyodorbavtrikov', 'dmitriyastrakhan', 'dmitriykomissarov', 'kristinayudicheva', 'marcodinelli', 'eldarmamedov', 'vasilisaizmaylova']",35
52835,52835,534579,nm11215129,tt11469744,Mathu Vadalara,8.2,0,0,0,0,0,1,0,0,0,0,0,0,0,0,0,0,0,0,0,0,1,0,0,0,0,0,0,0,1,0,0,0,0,0,0,0,0,0,0,0,0,0,0,0,0,0,"['simha', 'courier', 'deliveri', 'boy', 'get', 'peanut', 'salari', 'despit', 'put', 'lot', 'hard', 'work', 'babu', 'get', 'frustrat', 'job', 'friend', 'roommat', 'satya', 'show', 'get']","['srisimhakoduri', 'satya', 'nareshagastya', 'athulyachandra', 'brahmaji', 'vennelakishor', 'ajay', 'baji', 'm.d.basha', 'masterbunti', 'ajayghosh', 'jeeva', 's.s.kanchi', 'patanrasoolkhan', 'vidyullekharaman']",35
53259,53259,538871,nm0438494,tt1179782,Mithya,7.1,0,0,0,0,0,1,0,0,0,0,0,0,0,0,0,0,0,0,0,0,1,0,0,0,0,0,0,0,1,0,0,0,0,0,0,0,0,0,0,0,0,0,0,0,0,0,"['two-bit', 'actor', 'face', 'challeng', 'ask', 'polic', 'imperson', 'look-alik', 'gangster']","['ranvirshorey', 'nehadhupia', 'naseeruddinshah', 'saurabhshukla', 'vinaypathak', 'brijendrakala', 'iravatir.mayadev', 'harshchhaya', 'ikhlaqkhan', 'manurishichadha', 'tinnuanand', 'suhasinimulay', 'kaminikhanna', 'perinmald', 'loknathrathi']",35
53286,53286,539152,nm0081547,tt1181927,The Bone Man,7.5,0,0,0,0,0,1,0,0,0,0,0,0,0,0,0,0,0,0,0,0,1,0,0,0,0,0,0,0,1,0,0,0,0,0,0,0,0,0,0,0,0,0,0,0,0,0,"['privat', 'investig', 'brenner', 'handl', 'case', 'grill-stat', 'löschenkohl', 'find', 'besid', 'chicken', 'also', 'meat', ""n't"", 'belong', 'good', 'meal']","['josefhad', 'josefbierbichl', 'birgitminichmayr', 'christophlus', 'piahierzegg', 'simonschwarz', 'dorkagryllu', 'stipeerceg', 'ivanshvedoff', 'editamalovc', 'gertidrassl', 'oliverstern', 'petrmeissel', 'kathrinresetarit', 'christianpogat']",35
54242,54242,548972,nm0150873,tt1258130,Dai sau cha ji lui,5.2,0,0,0,0,0,1,0,0,0,0,0,0,0,0,0,0,0,0,0,0,1,0,0,0,0,0,0,0,1,0,0,0,0,0,0,0,0,0,0,0,0,0,0,0,0,0,"['corrupt', 'red', 'oil', 'kingpin', 'enlist', 'aid', 'femal', 'polic', 'offic', 'help', 'find', 'son']","['sammicheng', 'easonchan', 'guolizhang', 'yongdong', 'chapmanto', 'michelley', 'katetsui', 'wilfredlau', 'richiejen', 'conroychi-chungchan', 'angusyip', 'stephaniech', 'patricktam', 'tak-bunwong', 'daoyonglu']",35
55198,55198,558610,nm0001383,tt1334553,The Perfect Host,6.8,0,0,0,0,0,1,0,0,0,0,0,0,0,0,0,0,0,0,0,0,1,0,0,0,0,0,0,0,1,0,0,0,0,0,0,0,0,0,0,0,0,0,0,0,0,0,"['on-the-run', 'convict', 'look', 'temporari', 'cover', 'find', 'hous', 'color', 'charact']","['davidhydepierc', 'claynecrawford', 'tyreesallen', 'cooperbarn', 'megahnperri', 'anniecampbel', 'helenreddi', 'indirag.wilson', 'georgecheung', 'brookeanderson', 'cherylfrancisharrington', 'amandapayton', 'josephwil', 'nathanielpark', 'gregbrown']",35
55686,55686,563579,nm0000199,tt1389096,Uomini di parola,6.5,0,0,0,0,0,1,0,0,0,0,0,0,0,0,0,0,0,0,0,0,1,0,0,0,0,0,0,0,1,0,0,0,0,0,0,0,0,0,0,0,0,0,0,0,0,0,"['pair', 'age', 'stickup', 'men', 'tri', 'get', 'old', 'gang', 'back', 'togeth', 'one', 'last', 'hurrah', 'one', 'guy', 'take', 'last', 'assign', 'kill', 'comrad']","['alpacino', 'christopherwalken', 'alanarkin', 'juliannamarguli', 'markmargoli', 'lucypunch', 'addisontimlin', 'vanessaferlito', 'katherynwinnick', 'billburr', 'craigsheff', 'yorgoconstantin', 'weronikarosati', 'keoneyoung', 'courtneyplatt']",35
57210,57210,579264,nm0000332,tt1540133,Un poliziotto da happy hour,7.3,0,0,0,0,0,1,0,0,0,0,0,0,0,0,0,0,0,0,0,0,1,0,0,0,0,0,0,0,1,0,0,0,0,0,0,0,0,0,0,0,0,0,0,0,0,0,"['unorthodox', 'irish', 'policeman', 'confront', 'person', 'partner', 'up-tight', 'f.b.i', 'agent', 'investig', 'intern', 'drug-smuggl', 'ring']","['ronancollin', 'paraicnialand', 'johnpatrickbeirn', ""liamo'conghail"", 'christopherkilmartin', 'brendangleeson', 'rorykeenan', 'declanmannlen', 'laurencekinlan', 'michaeloglan', 'liamcunningham', 'owensharp', 'fionnulaflanagan', 'waleojo', 'doncheadl']",35
59060,59060,598350,nm0105210,tt1716739,Dead in France,4.4,0,0,0,0,0,1,0,0,0,0,0,0,0,0,0,0,0,0,0,0,1,0,0,0,0,0,0,0,1,0,0,0,0,0,0,0,0,0,0,0,0,0,0,0,0,0,"['socially-challeng', 'hitman', ""'s"", 'french', 'retir', 'ruin', 'dodgi', 'brit', 'cote', ""d'azur""]","['celiamuir', 'darrenbransford', 'leecheney', 'kateloustau', 'briana.levin', 'jamesprivett', 'richardraynesford', 'tomgeoffrey', 'rayash', 'celiadrummond', 'hannawait', 'jonathanesseku', 'sandrapascu', 'michelcosentino', 'flatlin']",35
62265,62265,631254,nm10296234,tt2106744,Vasaku jala reede,6.6,0,0,0,0,0,1,0,0,0,0,0,0,0,0,0,0,0,0,0,0,1,0,0,0,0,0,0,0,1,0,0,0,0,0,0,0,0,0,0,0,0,0,0,0,0,0,"['ever-acceler', 'pace', 'thriller', 'dark', 'comedi', 'tell', 'stori', 'differ', 'group', 'whose', 'path', 'cross', 'space', 'hour', 'meet', 'wide', 'rang', 'charact']","['priitloog', 'ottlepland', 'hasansteinberg', 'ristoproosa', 'martmüürisepp', 'taaviteplenkov', 'priitvõigemast', 'ivouukkivi', 'hendriktoomperejr', 'agoroo', 'martinalgu', 'stenkarpov', 'madisveltman', 'lauripedaja', 'raivotrass']",35
62669,62669,635387,nm0000621,tt2172985,The Art of the Steal - L'arte del furto,6.3,0,0,0,0,0,1,0,0,0,0,0,0,0,0,0,0,0,0,0,0,1,0,0,0,0,0,0,0,1,0,0,0,0,0,0,0,0,0,0,0,0,0,0,0,0,0,"['crunch', 'calhoun', 'semi-reform', 'art', 'thief', 'agre', 'get', 'old', 'gang', 'back', 'togeth', 'pull', 'one', 'last', 'heist']","['kurtrussel', 'mattdillon', 'jaybaruchel', 'kennethwelsh', 'chrisdiamantopoulo', 'katherynwinnick', 'jasonjon', 'terencestamp', 'devonbostick', 'elledown', 'durwardallan', 'daxravina', 'jasmingeljo', 'vieslavkrystyan', 'stephenmchatti']",35
62956,62956,638345,nm0241935,tt2201772,Feeding Mr. Baldwin,5.6,0,0,0,0,0,1,0,0,0,0,0,0,0,0,0,0,0,0,0,0,1,0,0,0,0,0,0,0,1,0,0,0,0,0,0,0,0,0,0,0,0,0,0,0,0,0,"['hous', 'sitter', 'bite', 'chew', 'dead', 'bodi', 'mysteri', 'show', 'estat', ""'s"", 'watch']","['daltonleeb', 'anilmargsahayam', 'christopherb.duncan', 'abbymil', 'lairdmacintosh', 'andrewdonnelli', 'markdavidchristenson', 'blancaarac', 'maggiemacdonald', 'anniesertich', 'toddbjurstrom', 'sofienorman', ""chiarad'ambrosio"", ""biancad'ambrosio"", 'ryanvincentanderson']",35
62966,62966,638444,nm0127925,tt2203951,¡Atraco!,6.3,0,0,0,0,0,1,0,0,0,0,0,0,0,0,0,0,0,0,0,0,1,0,0,0,0,0,0,0,1,0,0,0,0,0,0,0,0,0,0,0,0,0,0,0,0,0,"['spain', 'group', 'argentinian', 'loyal', 'depos', 'presid', 'peron', 'plan', 'robberi', 'recov', 'jewel', 'use', 'belong', 'presid', ""'s"", 'late', 'wife', 'evita']","['guillermofrancella', 'nicoláscabré', 'amaiasalamanca', 'jordimartínez', 'danielfanego', 'óscarjaenada', 'francescalbiol', 'jorgesuquet', 'esmeraldamoya', 'simonaferrar', 'jaimepujol', 'manueltejada', 'mariovedoya', 'pacosagarzazu', 'juanmotilla']",35
63283,63283,641669,nm0780098,tt2246724,Ghanchakkar,5.8,0,0,0,0,0,1,0,0,0,0,0,0,0,0,0,0,0,0,0,0,1,0,0,0,0,0,0,0,1,0,0,0,0,0,0,0,0,0,0,0,0,0,0,0,0,0,"['safe', 'cracker', 'claim', 'lost', 'memori', 'two', 'crimin', 'come', 'call', 'cut', 'bank', 'heist', 'loot']","['vidyabalan', 'emraanhashmi', 'namitda', 'rajeshsharma', 'parvindaba', 'vikramkochhar', 'tarundudeja', 'rajkumargupta', 'amarkaushik', 'vishwanathchatterje', 'shashankshend', 'sunilvishrani', 'frankm.ahearn', 'helenafonseca', 'mahabanoomody-kotw']",35
64608,64608,655230,nm0001376,tt2403981,Tip Top,4.8,0,0,0,0,0,1,0,0,0,0,0,0,0,0,0,0,0,0,0,0,1,0,0,0,0,0,0,0,1,0,0,0,0,0,0,0,0,0,0,0,0,0,0,0,0,0,"['algerian', 'inform', 'murder', 'two', 'femal', 'investig', 'sent', 'investig']","['isabellehuppert', 'sandrinekiberlain', 'françoisdamien', 'karoleroch', 'aymensaïdi', 'saïdabekkouch', 'elielison', 'allainnaron', 'françoisnégret', 'yousseftiberkanin', 'samynaceri', 'brahimwaabach', 'patrickpai', 'jean-marcherm', 'norbertrutili']",35
64619,64619,655346,nm0000108,tt2404311,Cose nostre - Malavita,6.3,0,0,0,0,0,1,0,0,0,0,0,0,0,0,0,0,0,0,0,0,1,0,0,0,0,0,0,0,1,0,0,0,0,0,0,0,0,0,0,0,0,0,0,0,0,0,"['manzoni', 'famili', 'notori', 'mafia', 'clan', 'reloc', 'normandi', 'franc', 'wit', 'protect', 'program', 'fit', 'soon', 'becom', 'challeng', 'old', 'habit', 'die', 'hard']","['robertdeniro', 'michellepfeiff', 'diannaagron', ""johnd'leo"", 'tommyleejon', 'jimmypalumbo', 'domenicklombardozzi', 'stancarp', 'vincentpastor', 'jonfreda', 'michaelj.panichellijr', 'paulborghes', 'anthonydesio', 'tedarcidi', 'davidbel']",35
65893,65893,668400,nm0189524,tt2734974,Little Paradise,4.6,0,0,0,0,0,1,0,0,0,0,0,0,0,0,0,0,0,0,0,0,1,0,0,0,0,0,0,0,1,0,0,0,0,0,0,0,0,0,0,0,0,0,0,0,0,0,"['former', 'war', 'vet', 'misanthrop', 'illeg', 'immigr', 'seek', 'salvat', 'pair', 'inexperienc', 'drug', 'dealer', 'stake', 'run-down', 'desert', 'motel']","['ashleycrow', 'flulaborg', 'lukeedward', 'austinhighsmith', 'kristinaemerson', 'carlinjam', 'olgasegura', 'kevinm.brennan', 'nickmundi', 'kyles.mor', 'jonathanterri', 'tariklow', 'ericpumphrey', 'maverickthompson', 'isaaccheung']",35
66101,66101,670582,nm0001337,tt2802136,Home Sweet Hell,5.4,0,0,0,0,0,1,0,0,0,0,0,0,0,0,0,0,0,0,0,0,1,0,0,0,0,0,0,0,1,0,0,0,0,0,0,0,0,0,0,0,0,0,0,0,0,0,"['champagn', 'seem', 'wife', 'mona', 'learn', 'affair', 'pretti', 'new', 'salesgirl', 'stop', 'noth', 'maintain', 'storybook', 'life']","['katherineheigl', 'patrickwilson', 'madisonwolf', 'aidenflow', 'jimbelushi', 'jordanabrewst', 'heathfreeman', 'a.j.buckley', 'kevinmckidd', 'artiebaxt', 'johnnyhawk', 'brycejohnson', 'yohancemyl', 'alyshiaochs', 'brandinicolewilson']",35
66318,66318,672838,nm1099597,tt2877108,Soodhu Kavvum,8.3,0,0,0,0,0,1,0,0,0,0,0,0,0,0,0,0,0,0,0,0,1,0,0,0,0,0,0,0,1,0,0,0,0,0,0,0,0,0,0,0,0,0,0,0,0,0,"['da', 'team', 'kidnap', 'arumai', 'son', 'politician', 'plan', 'kidnap', 'extract', 'money', 'father', 'problem', 'aris', 'insan', 'cop', 'brought', 'handl', 'case']","['vijaysethupathi', 'sanchitashetti', 'radharavi', 'm.s.bhaskar', 'bobbysimha', 'ashokselvan', 'rameshthilak', 'karunakaran', 'yogjape', 'aruldoss', 'boysrajan', 'radha', 'kannayiram', 'mippu', 'gaanabala']",35
67102,67102,680939,nm1307435,tt3092790,Two Down,6.8,0,0,0,0,0,1,0,0,0,0,0,0,0,0,0,0,0,0,0,0,1,0,0,0,0,0,0,0,1,0,0,0,0,0,0,0,0,0,0,0,0,0,0,0,0,0,"['two', 'first', 'theatric', 'featur', 'fizz', 'ginger', 'film', 'screen', 'intern', 'uk', 'pick', ""'star"", 'tomorrow', 'edit', 'set', 'modern', 'day', 'london', 'two']","['alexhassel', 'emmak', 'toributler-hart', 'nickrhi', 'grahambutl', 'conlethhil', 'barringtoncampbel', 'guywarren-thoma', 'adamalexand', 'leondalrympl', 'luisdalrympl', 'emilycorcoran', 'benle', 'matthewbutler-hart', 'matthewcottl']",35
68368,68368,693909,nm0000507,tt3417854,Pocket Listing,6.5,0,0,0,0,0,1,0,0,0,0,0,0,0,0,0,0,0,0,0,0,1,0,0,0,0,0,0,0,1,0,0,0,0,0,0,0,0,0,0,0,0,0,0,0,0,0,"['doubl', 'cross', 'adulteri', 'murder', 'mistaken', 'ident', 'reveng', 'ensu', 'mysteri', 'power', 'player', 'sultri', 'wife', 'hire', 'disgrac', 'lo', 'angel', 'properti', 'broker', 'discreetli', 'market', 'sell', 'malibu', 'villa']","['jamesjurdi', 'jessicaclark', 'roblow', 'burtreynold', 'christosvasilopoulo', 'logandonovan', 'kendavitian', 'caitlingerard', 'kwesiboaky', 'noelgugliemi', 'frederickcipoletti', 'alejandrosalomon', 'moniquekairouz', 'adamwyli', 'jimlau']",35
69208,69208,702540,nm0246948,tt3642618,Das ewige Leben,7.2,0,0,0,0,0,1,0,0,0,0,0,0,0,0,0,0,0,0,0,0,1,0,0,0,0,0,0,0,1,0,0,0,0,0,0,0,0,0,0,0,0,0,0,0,0,0,"['former', 'cop', 'brenner', 'return', 'home', 'town', 'get', 'involv', 'tragic', 'stori', 'old', 'friend']","['josefhad', 'tobiasmoretti', 'noravonwaldstätten', 'rolanddüring', 'christopherschärf', 'margaretetiesel', 'johannessilberschneid', 'haryprinz', 'sasabarbul', 'monikaklengel', 'gabrielah', 'stefansusk', 'thomasstipsit', 'carmenloley', 'thomasfrank']",35
69376,69376,704349,nm0000653,tt3685586,The Midnight Man,5.1,0,0,0,0,0,1,0,0,0,0,0,0,0,0,0,0,0,0,0,0,1,0,0,0,0,0,0,0,1,0,0,0,0,0,0,0,0,0,0,0,0,0,0,0,0,0,"['lose', 'rare', 'genet', 'disord', 'incred', 'abil', 'impervi', 'hurt', 'hire', 'assassin', 'discov', 'direct', 'immort', 'beauti', 'pain']","['willkemp', 'brinnakelli', 'williamforsyth', 'brentspin', 'dougjon', 'vinniejon', 'stevevalentin', 'maxadl', 'williammil', 'dominicpac', 'jennavaughn', 'nickp.ross', 'richfinley', 'christophermur', 'chellesherril']",35
72725,72725,738609,nm0065899,tt4799050,Crazy Night - Festa col morto,5.2,0,0,0,0,0,1,0,0,0,0,0,0,0,0,0,0,0,0,0,0,1,0,0,0,0,0,0,0,1,0,0,0,0,0,0,0,0,0,0,0,0,0,0,0,0,0,"['thing', 'go', 'terribl', 'wrong', 'group', 'girlfriend', 'hire', 'male', 'stripper', 'bachelorett', 'parti', 'miami']","['scarlettjohansson', 'jillianbel', 'zoëkravitz', 'ilanaglaz', 'katemckinnon', 'paulw.down', 'ryancoop', 'tyburrel', 'demimoor', 'enriquemurciano', 'deanwint', 'coltonhayn', 'patrickcarlyl', 'ericandré', 'boburnham']",35
73408,73408,745561,nm1085861,tt5031892,Tam jeong deo bigining,6.7,0,0,0,0,0,1,0,0,0,0,0,0,0,0,0,0,0,0,0,0,1,0,0,0,0,0,0,0,1,0,0,0,0,0,0,0,0,0,0,0,0,0,0,0,0,0,"['true-crim', 'enthusiast', 'wash', 'cop', 'face', 'demot', 'launch', 'joint', 'murder', 'investig', 'help', 'mutual', 'friend', 'wrong', 'charg', 'murder']","['sang-wookwon', 'dong-ilsung', 'yeong-hieseo', 'dae-hanji', 'bok-raejo', 'parkjun-myun', 'joo-heonkim', 'il-hwale', 'seung-joonle', 'moo-jemin', 'jeong-seoh', 'hae-joonpark', 'sung-ilpark', 'min-chaeyoo', 'kyung-hoyoon']",35
74562,74562,757494,nm0415417,tt5463152,Barcode,5.8,0,0,0,0,0,1,0,0,0,0,0,0,0,0,0,0,0,0,0,0,1,0,0,0,0,0,0,0,1,0,0,0,0,0,0,0,0,0,0,0,0,0,0,0,0,0,"['job', 'interview', 'conman', 'recount', 'recent', 'event', 'life', 'lead', 'meet']","['bahramradan', 'mohsenkiaye', 'sahardolatshahi', 'baharehkianafshar', 'pejmanbazeghi', 'rezakianian', 'marjanalizadeh', 'sahararbin', 'samanearefpour', 'babakbehshad', 'shahramjamshidi', 'iliyakeyvan', 'alikoochaki', 'rezasharifinejad', 'miladghasemikhahpargam']",35
74904,74904,761059,nm0155295,tt5596352,Huo guo ying xiong,6.6,0,0,0,0,0,1,0,0,0,0,0,0,0,0,0,0,0,0,0,0,1,0,0,0,0,0,0,0,1,0,0,0,0,0,0,0,0,0,0,0,0,0,0,0,0,0,"['young', 'man', 'friend', 'dig', 'hole', 'expand', 'restaur', 'enter', 'nearbi', 'bank', 'vault', 'rob']","['kunchen', 'baihebai', 'haoqin', 'entaiyu', 'jiancao', 'yucao', 'nuochen', 'weichen', 'dong-hyukcho', 'qidai', 'xiaodongfang', 'jiangdougan', 'yuxingguo', 'lianghao', 'taohuang']",35
75677,75677,769205,nm0182654,tt5879988,Becker - Kungen av Tingsryd,4.5,0,0,0,0,0,1,0,0,0,0,0,0,0,0,0,0,0,0,0,0,1,0,0,0,0,0,0,0,1,0,0,0,0,0,0,0,0,0,0,0,0,0,0,0,0,0,"['becker', 'run', 'busi', 'tingsryd', 'småland', 'sweden', 'special', 'garden', 'furnitur', 'fact', 'sell', 'everyth', 'make', 'profit', 'includ', 'black', 'labour', 'baltic']","['hampusbjörnsson', 'carolineborg', 'jancost', 'nourel-refai', 'henriklilliér', 'karinlithman', 'peterlorentzon', 'estellehadirlöfgren', 'marcinnawrot', 'mariaalmnorel', 'hannanormann', 'torkelpetersson', 'emilpettersson', 'larsranth', 'sonjaricht']",35
76061,76061,773075,nm11112212,tt6015498,Beomjoeui yeowang,6.5,0,0,0,0,0,1,0,0,0,0,0,0,0,0,0,0,0,0,0,0,1,0,0,0,0,0,0,0,1,0,0,0,0,0,0,0,0,0,0,0,0,0,0,0,0,0,"['outrag', 'water', 'bill', 'meddl', 'mom', 'becam', 'detect']","['soo-jangbaek', 'jae-hyunchoi', 'esom', 'jungdohur', 'bok-raejo', 'jin-ahkang', 'bi-bikim', 'dae-hyeonkim', 'ji-youngpark']",35
76521,76521,777823,nm0000476,tt6174226,Paint It Red,4.5,0,0,0,0,0,1,0,0,0,0,0,0,0,0,0,0,0,0,0,0,1,0,0,0,0,0,0,0,1,0,0,0,0,0,0,0,0,0,0,0,0,0,0,0,0,0,"['pair', 'bank', 'robber', 'knock', 'bohemian', 'tenant', 'search', 'stolen', 'loot']","['martinkov', 'cassiesteel', 'sallykirkland', 'khleothoma', 'kirbyblissblanton', 'randywayn', 'jackmcge', 'joshsussman', 'douglasspain', 'arisalvarado', 'donscribn', 'anniecruz', 'jacintastapleton', 'stephenwu', 'chadaddison']",35
78225,78225,795560,nm1085861,tt7022500,Tam jeong 2,6.5,0,0,0,0,0,1,0,0,0,0,0,0,0,0,0,0,0,0,0,0,1,0,0,0,0,0,0,0,1,0,0,0,0,0,0,0,0,0,0,0,0,0,0,0,0,0,"['homicid', 'detect', 'partner', 'recruit', 'help', 'onlin', 'privat', 'eye', 'solv', 'murder', 'case']","['sang-wookwon', 'dong-ilsung', 'yeong-hieseo', 'sung-jecha', 'sung-wonchoi', 'il-hwale', 'kwang-soole', 'myung-ryulnam', 'sung-ilpark', 'dam-bison', 'kimsungkyu']",35
78334,78334,796688,nm1300033,tt7088074,Gemini Ganeshanum Suruli Raajanum,5.8,0,0,0,0,0,1,0,0,0,0,0,0,0,0,0,0,0,0,0,0,1,0,0,0,0,0,0,0,1,0,0,0,0,0,0,0,0,0,0,0,0,0,0,0,0,0,"['playboy', 'fall', 'trueli', 'woman', 'decid', 'get', 'marri', 'put', 'forth', 'uphil', 'task', 'confront', 'ex-flam']","['reginacassandra', 'atharvaamurali', 'aditisudhirpohankar', 'pranitha', 'mottarajendran', 'aishwaryarajesh', 'soori']",35
